,Unnamed: 0,0-25%,25-50%,50-75%,75-100%,major_class
277,pozo_2_img_73.png,Muy grueso,Muy grueso,Grueso,Grueso,Muy grueso
278,pozo_2_img_75.png,Grueso,Grueso,Muy grueso,Muy grueso,Muy grueso
281,pozo_2_img_135.png,Grueso,Grueso,Muy grueso,Muy grueso,Muy grueso
288,pozo_2_img_30.png,Granulo o mayor,Granulo o mayor,Granulo o mayor,Granulo o mayor,Granulo o mayor
289,pozo_2_img_31.png,Granulo o mayor,Granulo o mayor,Granulo o mayor,Granulo o mayor,Granulo o mayor
290,pozo_2_img_32.png,Granulo o mayor,Granulo o mayor,Granulo o mayor,Granulo o mayor,Granulo o mayor
291,pozo_2_img_33.png,Granulo o mayor,Granulo o mayor,Granulo o mayor,Granulo o mayor,Granulo o mayor
292,pozo_2_img_34.png,Granulo o mayor,Granulo o mayor,Granulo o mayor,Granulo o mayor,Granulo o mayor
293,pozo_2_img_35.png,Granulo o mayor,Granulo o mayor,Granulo o mayor,Granulo o mayor,Granulo o mayor
306,pozo_2_img_36.png,Granulo o mayor,Granulo o mayor,Limo,Limo,Granulo o mayor
369,pozo_2_img_134.png,Muy grueso,Muy grueso,Muy grueso,Medio,Muy grueso
390,pozo_2_img_13.png,Muy grueso,Muy grueso,Muy grueso,Muy grueso,Muy grueso
391,pozo_2_img_14.png,Muy grueso,Muy grueso,Muy grueso,Muy grueso,Muy grueso
392,pozo_2_img_15.png,Muy grueso,Muy grueso,Muy grueso,Muy grueso,Muy grueso
393,pozo_2_img_16.png,Muy grueso,Muy grueso,Muy grueso,Muy grueso,Muy grueso
394,pozo_2_img_19.png,Muy grueso,Muy grueso,Muy grueso,Muy grueso,Muy grueso
395,pozo_2_img_20.png,Muy grueso,Muy grueso,Muy grueso,Muy grueso,Muy grueso
396,pozo_2_img_21.png,Muy grueso,Muy grueso,Muy grueso,Muy grueso,Muy grueso
397,pozo_2_img_22.png,Muy grueso,Muy grueso,Muy grueso,Muy grueso,Muy grueso
398,pozo_2_img_71.png,Muy grueso,Muy grueso,Muy grueso,Muy grueso,Muy grueso
399,pozo_2_img_72.png,Muy grueso,Muy grueso,Muy grueso,Muy grueso,Muy grueso
400,pozo_2_img_76.png,Muy grueso,Muy grueso,Muy grueso,Muy grueso,Muy grueso
401,pozo_2_img_80.png,Muy grueso,Muy grueso,Muy grueso,Muy grueso,Muy grueso
402,pozo_2_img_83.png,Muy grueso,Muy grueso,Muy grueso,Muy grueso,Muy grueso
403,pozo_2_img_84.png,Muy grueso,Muy grueso,Muy grueso,Muy grueso,Muy grueso
404,pozo_2_img_85.png,Muy grueso,Muy grueso,Muy grueso,Muy grueso,Muy grueso
408,pozo_2_img_23.png,Muy grueso,Granulo o mayor,Granulo o mayor,Granulo o mayor,Granulo o mayor
414,pozo_3_img_235.png,Arcilla,Arcilla,Arcilla,Arcilla,Arcilla
415,pozo_3_img_236.png,Arcilla,Arcilla,Arcilla,Arcilla,Arcilla
416,pozo_3_img_237.png,Arcilla,Arcilla,Arcilla,Arcilla,Arcilla
417,pozo_3_img_238.png,Arcilla,Arcilla,Arcilla,Arcilla,Arcilla
418,pozo_3_img_239.png,Arcilla,Arcilla,Arcilla,Arcilla,Arcilla
421,pozo_3_img_104.png,Medio,Medio,Arcilla,Arcilla,Arcilla
423,pozo_3_img_105.png,Arcilla,Arcilla,Muy grueso,Muy grueso,Arcilla
440,pozo_3_img_73.png,Fino,Fino,Fino,Fino,Fino
441,pozo_3_img_97.png,Fino,Fino,Fino,Fino,Fino
442,pozo_3_img_98.png,Fino,Fino,Fino,Fino,Fino
443,pozo_3_img_99.png,Fino,Fino,Fino,Fino,Fino
444,pozo_3_img_100.png,Fino,Fino,Fino,Fino,Fino
445,pozo_3_img_101.png,Fino,Fino,Fino,Fino,Fino
446,pozo_3_img_102.png,Fino,Fino,Fino,Fino,Fino
447,pozo_3_img_132.png,Fino,Fino,Fino,Fino,Fino
448,pozo_3_img_133.png,Fino,Fino,Fino,Fino,Fino
449,pozo_3_img_142.png,Fino,Fino,Fino,Fino,Fino
450,pozo_3_img_143.png,Fino,Fino,Fino,Fino,Fino
451,pozo_3_img_144.png,Fino,Fino,Fino,Fino,Fino
452,pozo_3_img_145.png,Fino,Fino,Fino,Fino,Fino
453,pozo_3_img_146.png,Fino,Fino,Fino,Fino,Fino
454,pozo_3_img_147.png,Fino,Fino,Fino,Fino,Fino
455,pozo_3_img_148.png,Fino,Fino,Fino,Fino,Fino
456,pozo_3_img_149.png,Fino,Fino,Fino,Fino,Fino
457,pozo_3_img_150.png,Fino,Fino,Fino,Fino,Fino
458,pozo_3_img_151.png,Fino,Fino,Fino,Fino,Fino
459,pozo_3_img_152.png,Fino,Fino,Fino,Fino,Fino
460,pozo_3_img_155.png,Fino,Fino,Fino,Fino,Fino
461,pozo_3_img_156.png,Fino,Fino,Fino,Fino,Fino
462,pozo_3_img_187.png,Fino,Fino,Fino,Fino,Fino
463,pozo_3_img_188.png,Fino,Fino,Fino,Fino,Fino
464,pozo_3_img_191.png,Fino,Fino,Fino,Fino,Fino
465,pozo_3_img_192.png,Fino,Fino,Fino,Fino,Fino
466,pozo_3_img_193.png,Fino,Fino,Fino,Fino,Fino
467,pozo_3_img_194.png,Fino,Fino,Fino,Fino,Fino
468,pozo_3_img_196.png,Fino,Fino,Fino,Fino,Fino
469,pozo_3_img_201.png,Fino,Fino,Fino,Fino,Fino
470,pozo_3_img_202.png,Fino,Fino,Fino,Fino,Fino
471,pozo_3_img_203.png,Fino,Fino,Fino,Fino,Fino
472,pozo_3_img_204.png,Fino,Fino,Fino,Fino,Fino
473,pozo_3_img_205.png,Fino,Fino,Fino,Fino,Fino
474,pozo_3_img_214.png,Fino,Fino,Fino,Fino,Fino
475,pozo_3_img_215.png,Fino,Fino,Fino,Fino,Fino
476,pozo_3_img_240.png,no,Fino,Fino,Fino,Fino
477,pozo_3_img_241.png,Fino,Fino,Fino,Fino,Fino
478,pozo_3_img_242.png,Fino,Fino,Fino,Fino,Fino
479,pozo_3_img_243.png,Fino,Fino,Fino,Fino,Fino
480,pozo_3_img_244.png,Fino,Fino,Fino,Fino,Fino
481,pozo_3_img_245.png,Fino,Fino,Fino,Fino,Fino
482,pozo_3_img_154.png,Grueso,Fino,Fino,Fino,Fino
483,pozo_3_img_186.png,Fino,Fino,Fino,Fino,Fino
485,pozo_3_img_297.png,Granulo o mayor,Fino,Fino,Fino,Fino
486,pozo_3_img_206.png,Fino,Fino,Fino,Medio,Fino
510,pozo_3_img_90.png,Grueso,Grueso,Grueso,Grueso,Grueso
511,pozo_3_img_91.png,Grueso,Grueso,Grueso,Grueso,Grueso
512,pozo_3_img_92.png,Grueso,Grueso,Grueso,Grueso,Grueso
513,pozo_3_img_93.png,Grueso,Grueso,Grueso,Grueso,Grueso
514,pozo_3_img_96.png,Grueso,Grueso,Grueso,Grueso,Grueso
515,pozo_3_img_109.png,Grueso,Grueso,Grueso,Grueso,Grueso
516,pozo_3_img_110.png,Grueso,Grueso,Grueso,Grueso,Grueso
517,pozo_3_img_111.png,Grueso,Grueso,Grueso,Grueso,Grueso
518,pozo_3_img_113.png,Grueso,Grueso,Grueso,Grueso,Grueso
519,pozo_3_img_114.png,Grueso,Grueso,Grueso,Grueso,Grueso
520,pozo_3_img_115.png,Grueso,Grueso,Grueso,Grueso,Grueso
521,pozo_3_img_130.png,Grueso,Grueso,Grueso,Grueso,Grueso
522,pozo_3_img_131.png,Grueso,Grueso,Grueso,Grueso,Grueso
523,pozo_3_img_135.png,Grueso,Grueso,Grueso,Grueso,Grueso
524,pozo_3_img_136.png,Grueso,Grueso,Grueso,Grueso,Grueso
525,pozo_3_img_137.png,Grueso,Grueso,Grueso,Grueso,Grueso
526,pozo_3_img_138.png,Grueso,Grueso,Grueso,Grueso,Grueso
527,pozo_3_img_139.png,Grueso,Grueso,Grueso,Grueso,Grueso
528,pozo_3_img_140.png,Grueso,Grueso,Grueso,Grueso,Grueso
529,pozo_3_img_141.png,Grueso,Grueso,Grueso,Grueso,Grueso
530,pozo_3_img_153.png,Grueso,Grueso,Grueso,Grueso,Grueso
531,pozo_3_img_167.png,Grueso,Grueso,Grueso,Grueso,Grueso
532,pozo_3_img_168.png,Grueso,Grueso,Grueso,Grueso,Grueso
533,pozo_3_img_169.png,Grueso,Grueso,Grueso,Grueso,Grueso
534,pozo_3_img_170.png,Grueso,Grueso,Grueso,Grueso,Grueso
535,pozo_3_img_171.png,Grueso,Grueso,Grueso,Grueso,Grueso
536,pozo_3_img_172.png,Grueso,Grueso,Grueso,Grueso,Grueso
537,pozo_3_img_173.png,Grueso,Grueso,Grueso,Grueso,Grueso
538,pozo_3_img_185.png,Grueso,Grueso,Grueso,Grueso,Grueso
539,pozo_3_img_217.png,Grueso,Grueso,Grueso,Grueso,Grueso
540,pozo_3_img_251.png,Grueso,Grueso,Grueso,Grueso,Grueso
541,pozo_3_img_253.png,Grueso,Grueso,Grueso,Grueso,Grueso
542,pozo_3_img_255.png,Grueso,Grueso,Grueso,Grueso,Grueso
543,pozo_3_img_256.png,Grueso,Grueso,Grueso,Grueso,Grueso
544,pozo_3_img_257.png,Grueso,Grueso,Grueso,Grueso,Grueso
545,pozo_3_img_258.png,Grueso,Grueso,Grueso,Grueso,Grueso
546,pozo_3_img_259.png,Grueso,Grueso,Grueso,Grueso,Grueso
547,pozo_3_img_260.png,Grueso,Grueso,Grueso,Grueso,Grueso
548,pozo_3_img_261.png,Grueso,Grueso,Grueso,Grueso,Grueso
549,pozo_3_img_262.png,Grueso,Grueso,Grueso,Grueso,Grueso
550,pozo_3_img_263.png,Grueso,Grueso,Grueso,Grueso,Grueso
551,pozo_3_img_264.png,Grueso,Grueso,Grueso,Grueso,Grueso
552,pozo_3_img_265.png,Grueso,Grueso,Grueso,Grueso,Grueso
553,pozo_3_img_266.png,Grueso,Grueso,Grueso,Grueso,Grueso
554,pozo_3_img_283.png,Grueso,Grueso,Grueso,Grueso,Grueso
555,pozo_3_img_284.png,Grueso,Grueso,Grueso,Grueso,Grueso
556,pozo_3_img_285.png,Grueso,Grueso,Grueso,Grueso,Grueso
557,pozo_3_img_286.png,Grueso,Grueso,Grueso,Grueso,Grueso
560,pozo_3_img_175.png,Granulo o mayor,Granulo o mayor,Granulo o mayor,Granulo o mayor,Granulo o mayor
561,pozo_3_img_176.png,Granulo o mayor,Granulo o mayor,Granulo o mayor,Granulo o mayor,Granulo o mayor
562,pozo_3_img_287.png,Granulo o mayor,Granulo o mayor,Granulo o mayor,Granulo o mayor,Granulo o mayor
563,pozo_3_img_288.png,Granulo o mayor,no,Granulo o mayor,Granulo o mayor,Granulo o mayor
564,pozo_3_img_289.png,Granulo o mayor,Granulo o mayor,Granulo o mayor,Granulo o mayor,Granulo o mayor
565,pozo_3_img_290.png,Granulo o mayor,Granulo o mayor,Granulo o mayor,Granulo o mayor,Granulo o mayor
566,pozo_3_img_291.png,Granulo o mayor,Granulo o mayor,Granulo o mayor,Granulo o mayor,Granulo o mayor
567,pozo_3_img_292.png,Granulo o mayor,Granulo o mayor,Granulo o mayor,Granulo o mayor,Granulo o mayor
568,pozo_3_img_293.png,Granulo o mayor,Granulo o mayor,Granulo o mayor,Granulo o mayor,Granulo o mayor
569,pozo_3_img_294.png,Granulo o mayor,Granulo o mayor,Granulo o mayor,Granulo o mayor,Granulo o mayor
570,pozo_3_img_295.png,Granulo o mayor,Granulo o mayor,Granulo o mayor,Granulo o mayor,Granulo o mayor
571,pozo_3_img_296.png,Granulo o mayor,Granulo o mayor,Granulo o mayor,Granulo o mayor,Granulo o mayor
572,pozo_3_img_174.png,Grueso,Grueso,Granulo o mayor,Granulo o mayor,Granulo o mayor
573,pozo_3_img_282.png,Granulo o mayor,Grueso,Grueso,Grueso,Grueso
592,pozo_3_img_36.png,Muy fino,Muy fino,Muy fino,Limo,Muy fino
593,pozo_3_img_37.png,Limo,Muy fino,Muy fino,no,Muy fino
594,pozo_3_img_38.png,Muy fino,Muy fino,Limo,Muy fino,Muy fino
596,pozo_3_img_40.png,no,Muy fino,Limo,Muy fino,Muy fino
599,pozo_3_img_224.png,Fino,Limo,Muy fino,Muy fino,Muy fino
648,pozo_3_img_210.png,Medio,Medio,Medio,Medio,Medio
649,pozo_3_img_211.png,Medio,Medio,Medio,Medio,Medio
650,pozo_3_img_212.png,Medio,Medio,Medio,Medio,Medio
651,pozo_3_img_213.png,Medio,Medio,Medio,Medio,Medio
652,pozo_3_img_216.png,Medio,Medio,Medio,Medio,Medio
654,pozo_3_img_219.png,Medio,Medio,Medio,Medio,Medio
655,pozo_3_img_220.png,Medio,Medio,Medio,Medio,Medio
656,pozo_3_img_221.png,Medio,Medio,Medio,Medio,Medio
657,pozo_3_img_222.png,Medio,Medio,Medio,Medio,Medio
658,pozo_3_img_267.png,Medio,Medio,Medio,Medio,Medio
659,pozo_3_img_268.png,Medio,Medio,Medio,Medio,Medio
660,pozo_3_img_269.png,Medio,Medio,Medio,Medio,Medio
661,pozo_3_img_270.png,Medio,Medio,Medio,Medio,Medio
662,pozo_3_img_271.png,Medio,Medio,Medio,Medio,Medio
663,pozo_3_img_272.png,Medio,Medio,Medio,Medio,Medio
664,pozo_3_img_273.png,Medio,Medio,Medio,Medio,Medio
665,pozo_3_img_274.png,Medio,Medio,Medio,Medio,Medio
666,pozo_3_img_275.png,Medio,Medio,Medio,Medio,Medio
667,pozo_3_img_276.png,Medio,Medio,Medio,Medio,Medio
668,pozo_3_img_277.png,Medio,Medio,Medio,Medio,Medio
669,pozo_3_img_278.png,Medio,Medio,Medio,Medio,Medio
670,pozo_3_img_279.png,Medio,Medio,Medio,Medio,Medio
671,pozo_3_img_280.png,Medio,Medio,Medio,Medio,Medio
672,pozo_3_img_5.png,Grueso,Grueso,Grueso,Medio,Grueso
673,pozo_3_img_11.png,Grueso,Medio,Medio,Medio,Medio
674,pozo_3_img_13.png,Grueso,Grueso,Grueso,Medio,Grueso
675,pozo_3_img_17.png,Medio,Medio,Grueso,Grueso,Medio
676,pozo_3_img_112.png,Grueso,Medio,Medio,Medio,Medio
677,pozo_3_img_116.png,Grueso,Grueso,Medio,Medio,Medio
678,pozo_3_img_179.png,Grueso,Medio,Medio,Grueso,Medio
679,pozo_3_img_189.png,Medio,Grueso,Grueso,Grueso,Grueso
680,pozo_3_img_252.png,Grueso,Grueso,Medio,Medio,Medio
681,pozo_3_img_254.png,Medio,Grueso,Grueso,Grueso,Grueso
683,pozo_3_img_21.png,Muy fino,Muy fino,Muy fino,Muy fino,Muy fino
684,pozo_3_img_22.png,Muy fino,Muy fino,Muy fino,Muy fino,Muy fino
685,pozo_3_img_23.png,Muy fino,Muy fino,Muy fino,Muy fino,Muy fino
686,pozo_3_img_56.png,Muy fino,Muy fino,Muy fino,Muy fino,Muy fino
687,pozo_3_img_57.png,Muy fino,Muy fino,Muy fino,Muy fino,Muy fino
688,pozo_3_img_61.png,Muy fino,Muy fino,Muy fino,Muy fino,Muy fino
689,pozo_3_img_62.png,Muy fino,Muy fino,Muy fino,Muy fino,Muy fino
690,pozo_3_img_63.png,Muy fino,Muy fino,Muy fino,Muy fino,Muy fino
691,pozo_3_img_197.png,Muy fino,Muy fino,Muy fino,Muy fino,Muy fino
692,pozo_3_img_198.png,Muy fino,Muy fino,Muy fino,Muy fino,Muy fino
693,pozo_3_img_199.png,Muy fino,Muy fino,Muy fino,Muy fino,Muy fino
694,pozo_3_img_200.png,Muy fino,Muy fino,Muy fino,Muy fino,Muy fino
695,pozo_3_img_227.png,Muy fino,Muy fino,Muy fino,Muy fino,Muy fino
696,pozo_3_img_228.png,Muy fino,Muy fino,Muy fino,Muy fino,Muy fino
697,pozo_3_img_229.png,Muy fino,Muy fino,Muy fino,Muy fino,Muy fino
698,pozo_3_img_58.png,Muy fino,Fino,Fino,Fino,Fino
699,pozo_3_img_20.png,Grueso,Muy fino,Muy fino,Muy fino,Muy fino
700,pozo_3_img_178.png,Muy fino,Grueso,Grueso,Grueso,Grueso
701,pozo_3_img_177.png,Muy fino,Muy fino,Muy fino,Muy fino,Muy fino
702,pozo_3_img_55.png,Medio,Medio,Muy fino,Muy fino,Medio
706,pozo_4_img_2.png,Fino,Fino,Fino,Fino,Fino
707,pozo_4_img_3.png,Fino,Fino,Fino,Fino,Fino
708,pozo_4_img_63.png,Fino,Fino,Fino,Fino,Fino
709,pozo_4_img_66.png,Fino,Fino,Fino,Fino,Fino
710,pozo_4_img_67.png,Fino,Fino,Fino,Fino,Fino
711,pozo_4_img_122.png,Fino,Fino,Fino,Fino,Fino
712,pozo_4_img_123.png,Fino,Fino,Fino,Fino,Fino
713,pozo_4_img_64.png,Medio,Fino,Grueso,Grueso,Grueso
714,pozo_4_img_65.png,Grueso,Grueso,Fino,Fino,Grueso
715,pozo_4_img_68.png,Fino,Fino,Medio,Medio,Medio
718,pozo_4_img_18.png,Grueso,Grueso,Grueso,Grueso,Grueso
719,pozo_4_img_19.png,Grueso,Grueso,Grueso,Grueso,Grueso
720,pozo_4_img_20.png,Grueso,Grueso,Grueso,Grueso,Grueso
721,pozo_4_img_21.png,Grueso,Grueso,Grueso,Grueso,Grueso
722,pozo_4_img_22.png,Grueso,Grueso,Grueso,Grueso,Grueso
723,pozo_4_img_23.png,Grueso,Grueso,Grueso,Grueso,Grueso
724,pozo_4_img_24.png,Grueso,Grueso,Grueso,Grueso,Grueso
725,pozo_4_img_28.png,Grueso,Grueso,Grueso,Grueso,Grueso
726,pozo_4_img_29.png,Grueso,Grueso,Grueso,Grueso,Grueso
727,pozo_4_img_43.png,Grueso,Grueso,Grueso,Grueso,Grueso
728,pozo_4_img_44.png,Grueso,Grueso,Grueso,Grueso,Grueso
729,pozo_4_img_45.png,Grueso,Grueso,Grueso,Grueso,Grueso
730,pozo_4_img_46.png,Grueso,Grueso,Grueso,Grueso,Grueso
731,pozo_4_img_49.png,Grueso,Grueso,Grueso,Grueso,Grueso
732,pozo_4_img_50.png,Grueso,Grueso,Grueso,Grueso,Grueso
733,pozo_4_img_51.png,Grueso,Grueso,Grueso,Grueso,Grueso
734,pozo_4_img_52.png,Grueso,Grueso,Grueso,Grueso,Grueso
735,pozo_4_img_53.png,Grueso,Grueso,Grueso,Grueso,Grueso
736,pozo_4_img_54.png,Grueso,Grueso,Grueso,Grueso,Grueso
747,pozo_4_img_31.png,Limo,Limo,no,no,Limo
748,pozo_4_img_32.png,Limo,Limo,Limo,Limo,Limo
749,pozo_4_img_33.png,Limo,Limo,Limo,Limo,Limo
750,pozo_4_img_34.png,Limo,Limo,Limo,Limo,Limo
751,pozo_4_img_35.png,Limo,Limo,Limo,Limo,Limo
752,pozo_4_img_36.png,Limo,Limo,Limo,Limo,Limo
753,pozo_4_img_37.png,Limo,Limo,Limo,Limo,Limo
754,pozo_4_img_38.png,Limo,Limo,Limo,Limo,Limo
755,pozo_4_img_39.png,Limo,Limo,Limo,Limo,Limo
756,pozo_4_img_40.png,Limo,Limo,Limo,Limo,Limo
757,pozo_4_img_82.png,Medio,Medio,Limo,Limo,Limo
758,pozo_4_img_83.png,Limo,Limo,Limo,Limo,Limo
759,pozo_4_img_84.png,Limo,Limo,Limo,Limo,Limo
760,pozo_4_img_85.png,Limo,Limo,Limo,Limo,Limo
761,pozo_4_img_86.png,Limo,Limo,Limo,Limo,Limo
762,pozo_4_img_87.png,Limo,Limo,Limo,Limo,Limo
763,pozo_4_img_88.png,Limo,Limo,Limo,Limo,Limo
764,pozo_4_img_89.png,Limo,Limo,Limo,Limo,Limo
765,pozo_4_img_90.png,Limo,Limo,Limo,Limo,Limo
766,pozo_4_img_91.png,Limo,Limo,Limo,Limo,Limo
767,pozo_4_img_92.png,Limo,Limo,Limo,Limo,Limo
768,pozo_4_img_93.png,Limo,Limo,Limo,Limo,Limo
769,pozo_4_img_94.png,Limo,Limo,Limo,Limo,Limo
770,pozo_4_img_95.png,Limo,Limo,Limo,Limo,Limo
771,pozo_4_img_96.png,Limo,Limo,Limo,Limo,Limo
772,pozo_4_img_97.png,Limo,Limo,Limo,Limo,Limo
773,pozo_4_img_98.png,Limo,Limo,Limo,Limo,Limo
774,pozo_4_img_99.png,Limo,Limo,Limo,Limo,Limo
775,pozo_4_img_100.png,Limo,Limo,Limo,Limo,Limo
776,pozo_4_img_101.png,Limo,Limo,Limo,Limo,Limo
777,pozo_4_img_102.png,Limo,Limo,Limo,Limo,Limo
778,pozo_4_img_103.png,Limo,Limo,Limo,Limo,Limo
779,pozo_4_img_104.png,Limo,Limo,Limo,Limo,Limo
780,pozo_4_img_105.png,Limo,Limo,Limo,Limo,Limo
781,pozo_4_img_106.png,Limo,Limo,Limo,Limo,Limo
782,pozo_4_img_107.png,Limo,Limo,Limo,Limo,Limo
783,pozo_4_img_108.png,Limo,Limo,Limo,Limo,Limo
784,pozo_4_img_109.png,Limo,Limo,Limo,Limo,Limo
785,pozo_4_img_110.png,Limo,Limo,Limo,Limo,Limo
786,pozo_4_img_111.png,Limo,Limo,Limo,Limo,Limo
787,pozo_4_img_112.png,Limo,Limo,Limo,Limo,Limo
788,pozo_4_img_113.png,Limo,Limo,Limo,Limo,Limo
789,pozo_4_img_114.png,Limo,Limo,Limo,Limo,Limo
790,pozo_4_img_115.png,Limo,Limo,Limo,Limo,Limo
791,pozo_4_img_119.png,Limo,Limo,Limo,Limo,Limo
792,pozo_4_img_120.png,Limo,Limo,Limo,Limo,Limo
793,pozo_4_img_121.png,Limo,Limo,Limo,Limo,Limo
794,pozo_4_img_1.png,Limo,Limo,Limo,Fino,Limo
795,pozo_4_img_117.png,Fino,Fino,Limo,Fino,Fino
796,pozo_4_img_118.png,Fino,Limo,Limo,Limo,Limo
797,pozo_4_img_17.png,Grueso,Grueso,Grueso,Limo,Grueso
798,pozo_4_img_41.png,Limo,Limo,Grueso,Grueso,Limo
799,pozo_4_img_116.png,Limo,Limo,Grueso,Grueso,Limo
800,pozo_4_img_10.png,Limo,Limo,Muy fino,Muy fino,Limo
801,pozo_4_img_14.png,Muy fino,Muy fino,Limo,Limo,Limo
802,pozo_4_img_55.png,Medio,Medio,Medio,Medio,Medio
803,pozo_4_img_56.png,Medio,Medio,Medio,Medio,Medio
804,pozo_4_img_57.png,Medio,Medio,Medio,Medio,Medio
805,pozo_4_img_58.png,Medio,Medio,Medio,Medio,Medio
806,pozo_4_img_59.png,Medio,Medio,Medio,Medio,Medio
807,pozo_4_img_60.png,Medio,Medio,Medio,Medio,Medio
808,pozo_4_img_61.png,Medio,Medio,Medio,Medio,Medio
809,pozo_4_img_62.png,Medio,Medio,Medio,Medio,Medio
810,pozo_4_img_69.png,Medio,Medio,Medio,Medio,Medio
811,pozo_4_img_70.png,Medio,Medio,Medio,Medio,Medio
812,pozo_4_img_71.png,Medio,Medio,Medio,Medio,Medio
813,pozo_4_img_72.png,Medio,Medio,Medio,Medio,Medio
814,pozo_4_img_73.png,Medio,Medio,Medio,Medio,Medio
815,pozo_4_img_74.png,Medio,Medio,Medio,Medio,Medio
816,pozo_4_img_75.png,Medio,Medio,Medio,Medio,Medio
817,pozo_4_img_77.png,Medio,Medio,Medio,Medio,Medio
818,pozo_4_img_79.png,Medio,Medio,Medio,Medio,Medio
819,pozo_4_img_80.png,Medio,Medio,Medio,Medio,Medio
820,pozo_4_img_81.png,Medio,Medio,Medio,Medio,Medio
822,pozo_4_img_11.png,Muy fino,Muy fino,Muy fino,Muy fino,Muy fino
823,pozo_4_img_12.png,Muy fino,Muy fino,Muy fino,Muy fino,Muy fino
824,pozo_4_img_13.png,Muy fino,Muy fino,Muy fino,Muy fino,Muy fino
825,pozo_4_img_76.png,Grueso,Muy fino,Medio,Medio,Medio
826,pozo_4_img_78.png,Medio,Medio,Muy fino,Muy fino,Medio
830,pozo_5_img_61.png,Fino,Fino,Fino,Fino,Fino
831,pozo_5_img_62.png,Fino,Fino,Fino,Fino,Fino
832,pozo_5_img_63.png,Fino,Fino,Fino,Fino,Fino
833,pozo_5_img_64.png,Fino,Fino,Fino,Fino,Fino
834,pozo_5_img_65.png,Fino,Fino,Fino,Fino,Fino
835,pozo_5_img_66.png,Fino,Fino,Fino,Fino,Fino
836,pozo_5_img_67.png,Fino,Fino,Fino,Fino,Fino
837,pozo_5_img_68.png,Fino,Fino,Fino,Fino,Fino
838,pozo_5_img_69.png,Fino,Fino,Fino,Fino,Fino
839,pozo_5_img_70.png,Fino,Fino,Fino,Fino,Fino
840,pozo_5_img_120.png,Fino,Fino,Fino,Fino,Fino
841,pozo_5_img_131.png,Fino,Fino,Fino,Fino,Fino
842,pozo_5_img_132.png,Fino,Fino,Fino,Fino,Fino
843,pozo_5_img_137.png,Fino,Fino,Fino,Fino,Fino
844,pozo_5_img_150.png,Fino,Fino,Fino,Fino,Fino
845,pozo_5_img_179.png,Fino,Fino,Fino,Fino,Fino
846,pozo_5_img_180.png,Fino,Fino,Fino,Fino,Fino
847,pozo_5_img_188.png,Fino,Fino,Fino,Fino,Fino
848,pozo_5_img_189.png,Fino,Fino,Fino,Fino,Fino
849,pozo_5_img_190.png,Fino,Fino,Fino,Fino,Fino
850,pozo_5_img_206.png,Fino,Fino,Fino,Fino,Fino
867,pozo_5_img_136.png,Grueso,Grueso,Fino,Fino,Grueso
868,pozo_5_img_228.png,Grueso,Grueso,Grueso,Fino,Grueso
869,pozo_5_img_265.png,Fino,Fino,Grueso,Grueso,Grueso
871,pozo_5_img_177.png,Medio,Medio,Medio,Fino,Medio
872,pozo_5_img_187.png,Medio,Medio,Fino,Fino,Medio
873,pozo_5_img_205.png,Medio,Medio,Fino,Fino,Medio
874,pozo_5_img_230.png,Fino,Medio,Medio,Medio,Medio
875,pozo_5_img_275.png,Fino,Medio,Medio,Medio,Medio
876,pozo_5_img_279.png,Fino,Fino,Medio,Medio,Medio
877,pozo_5_img_338.png,Medio,Medio,Medio,Muy fino,Medio
878,pozo_5_img_1.png,Grueso,Grueso,Grueso,Grueso,Grueso
879,pozo_5_img_2.png,Grueso,Grueso,Grueso,Grueso,Grueso
880,pozo_5_img_3.png,Grueso,Grueso,Grueso,Grueso,Grueso
881,pozo_5_img_4.png,Grueso,Grueso,Grueso,Grueso,Grueso
882,pozo_5_img_5.png,Grueso,Grueso,Grueso,Grueso,Grueso
883,pozo_5_img_6.png,Grueso,Grueso,Grueso,Grueso,Grueso
884,pozo_5_img_7.png,Grueso,Grueso,Grueso,Grueso,Grueso
885,pozo_5_img_8.png,Grueso,Grueso,Grueso,Grueso,Grueso
886,pozo_5_img_13.png,Grueso,Grueso,Grueso,Grueso,Grueso
887,pozo_5_img_14.png,Grueso,Grueso,Grueso,Grueso,Grueso
889,pozo_5_img_16.png,Grueso,Grueso,Grueso,Grueso,Grueso
890,pozo_5_img_121.png,Grueso,Grueso,Grueso,Grueso,Grueso
891,pozo_5_img_122.png,Grueso,Grueso,Grueso,Grueso,Grueso
892,pozo_5_img_123.png,Grueso,Grueso,Grueso,Grueso,Grueso
893,pozo_5_img_124.png,Grueso,Grueso,Grueso,Grueso,Grueso
894,pozo_5_img_125.png,Grueso,Grueso,Grueso,Grueso,Grueso
895,pozo_5_img_126.png,Grueso,Grueso,Grueso,Grueso,Grueso
896,pozo_5_img_127.png,Grueso,Grueso,Grueso,Grueso,Grueso
897,pozo_5_img_128.png,Grueso,Grueso,Grueso,Grueso,Grueso
898,pozo_5_img_129.png,Grueso,Grueso,Grueso,Grueso,Grueso
899,pozo_5_img_130.png,Grueso,Grueso,Grueso,Grueso,Grueso
900,pozo_5_img_133.png,Grueso,Grueso,Grueso,Grueso,Grueso
901,pozo_5_img_134.png,Grueso,Grueso,Grueso,Grueso,Grueso
902,pozo_5_img_135.png,Grueso,Grueso,Grueso,Grueso,Grueso
903,pozo_5_img_156.png,Grueso,Grueso,Grueso,Grueso,Grueso
904,pozo_5_img_157.png,Grueso,Grueso,Grueso,Grueso,Grueso
905,pozo_5_img_158.png,Grueso,Grueso,Grueso,Grueso,Grueso
906,pozo_5_img_159.png,Grueso,Grueso,Grueso,Grueso,Grueso
907,pozo_5_img_160.png,Grueso,Grueso,Grueso,Grueso,Grueso
908,pozo_5_img_161.png,Grueso,Grueso,Grueso,Grueso,Grueso
909,pozo_5_img_162.png,Grueso,Grueso,Grueso,Grueso,Grueso
910,pozo_5_img_163.png,Grueso,Grueso,Grueso,Grueso,Grueso
911,pozo_5_img_164.png,Grueso,Grueso,Grueso,Grueso,Grueso
951,pozo_5_img_18.png,Limo,Limo,Limo,Limo,Limo
952,pozo_5_img_19.png,Limo,Limo,Limo,Limo,Limo
953,pozo_5_img_20.png,Limo,Limo,Limo,Limo,Limo
954,pozo_5_img_21.png,Limo,Limo,Limo,Limo,Limo
955,pozo_5_img_23.png,Limo,Limo,Limo,Limo,Limo
956,pozo_5_img_24.png,Limo,Limo,Limo,Limo,Limo
957,pozo_5_img_25.png,Limo,Limo,Limo,Limo,Limo
958,pozo_5_img_26.png,Limo,Limo,Limo,Limo,Limo
959,pozo_5_img_27.png,Limo,Limo,Limo,Limo,Limo
960,pozo_5_img_28.png,Limo,Limo,Limo,Limo,Limo
961,pozo_5_img_29.png,Limo,Limo,Limo,Limo,Limo
962,pozo_5_img_30.png,Limo,Limo,Limo,Limo,Limo
963,pozo_5_img_31.png,Limo,Limo,Limo,Limo,Limo
964,pozo_5_img_32.png,Limo,Limo,Limo,Limo,Limo
965,pozo_5_img_33.png,Limo,Limo,Limo,Limo,Limo
966,pozo_5_img_34.png,Limo,Limo,Limo,Limo,Limo
967,pozo_5_img_35.png,Limo,Limo,Limo,Limo,Limo
968,pozo_5_img_36.png,Limo,Limo,Limo,Limo,Limo
969,pozo_5_img_37.png,Limo,Limo,Limo,Limo,Limo
970,pozo_5_img_38.png,Limo,Limo,Limo,Limo,Limo
971,pozo_5_img_39.png,Limo,Limo,Limo,Limo,Limo
972,pozo_5_img_40.png,Limo,Limo,Limo,Limo,Limo
973,pozo_5_img_41.png,Limo,Limo,Limo,Limo,Limo
974,pozo_5_img_42.png,Limo,Limo,Limo,Limo,Limo
1027,pozo_5_img_339.png,Medio,Medio,Medio,Medio,Medio
1032,pozo_5_img_204.png,Medio,Medio,Medio,Medio,Medio
1039,pozo_5_img_336.png,Grueso,Grueso,Medio,Medio,Medio
1040,pozo_5_img_22.png,Muy fino,Muy fino,Muy fino,Limo,Muy fino
1043,pozo_5_img_73.png,Limo,Muy fino,Muy fino,Muy fino,Muy fino
1044,pozo_5_img_78.png,Muy fino,Muy fino,Muy fino,Muy fino,Muy fino
1047,pozo_5_img_292.png,Muy fino,Muy fino,Muy fino,Muy fino,Muy fino
1048,pozo_5_img_293.png,Muy fino,Limo,Muy fino,Muy fino,Muy fino
1050,pozo_5_img_291.png,Medio,Medio,Medio,Medio,Medio
1052,pozo_5_img_138.png,Medio,Medio,Medio,Medio,Medio
1053,pozo_5_img_139.png,Medio,Medio,Medio,Medio,Medio
1054,pozo_5_img_140.png,Medio,Medio,Medio,Medio,Medio
1055,pozo_5_img_141.png,Medio,Medio,Medio,Medio,Medio
1056,pozo_5_img_142.png,Medio,Medio,Medio,Medio,Medio
1057,pozo_5_img_143.png,Medio,Medio,Medio,Medio,Medio
1058,pozo_5_img_144.png,Medio,Medio,Medio,Medio,Medio
1059,pozo_5_img_145.png,Medio,Medio,Medio,Medio,Medio
1060,pozo_5_img_146.png,Medio,Medio,Medio,Medio,Medio
1061,pozo_5_img_147.png,Medio,Medio,Medio,Medio,Medio
1062,pozo_5_img_151.png,Medio,Medio,Medio,Medio,Medio
1063,pozo_5_img_152.png,Medio,Medio,Medio,Medio,Medio
1064,pozo_5_img_153.png,Medio,Medio,Medio,Medio,Medio
1065,pozo_5_img_154.png,Medio,Medio,Medio,Medio,Medio
1066,pozo_5_img_155.png,Medio,Medio,Medio,Medio,Medio
1067,pozo_5_img_167.png,Medio,Medio,Medio,Medio,Medio
1068,pozo_5_img_168.png,Medio,Medio,Medio,Medio,Medio
1069,pozo_5_img_169.png,Medio,Medio,Medio,Medio,Medio
1070,pozo_5_img_170.png,Medio,Medio,Medio,Medio,Medio
1071,pozo_5_img_171.png,Medio,Medio,Medio,Medio,Medio
1072,pozo_5_img_172.png,Medio,Medio,Medio,Medio,Medio
1073,pozo_5_img_173.png,Medio,Medio,Medio,Medio,Medio
1074,pozo_5_img_174.png,Medio,Medio,Medio,Medio,Medio
1075,pozo_5_img_175.png,Medio,Medio,Medio,Medio,Medio
1076,pozo_5_img_176.png,Medio,Medio,Medio,Medio,Medio
1077,pozo_5_img_178.png,Medio,Medio,Medio,Medio,Medio
1078,pozo_5_img_181.png,Medio,Medio,Medio,Medio,Medio
1079,pozo_5_img_182.png,Medio,Medio,Medio,Medio,Medio
1080,pozo_5_img_184.png,Medio,Medio,Medio,Medio,Medio
1081,pozo_5_img_185.png,Medio,Medio,Medio,Medio,Medio
1082,pozo_5_img_186.png,Medio,Medio,Medio,Medio,Medio
1083,pozo_5_img_191.png,Medio,Medio,Medio,Medio,Medio
1084,pozo_5_img_192.png,Medio,Medio,Medio,Medio,Medio
1085,pozo_5_img_193.png,Medio,Medio,Medio,Medio,Medio
1086,pozo_5_img_194.png,Medio,Medio,Medio,Medio,Medio
1087,pozo_5_img_196.png,Medio,Medio,Medio,Medio,Medio
1088,pozo_5_img_199.png,Medio,Medio,Medio,Medio,Medio
1089,pozo_5_img_200.png,Medio,Medio,Medio,Medio,Medio
1090,pozo_5_img_211.png,Medio,Medio,Medio,Medio,Medio
1091,pozo_5_img_212.png,Medio,Medio,Medio,Medio,Medio
1092,pozo_5_img_213.png,Medio,Medio,Medio,Medio,Medio
1093,pozo_5_img_214.png,Medio,Medio,Medio,Medio,Medio
1094,pozo_5_img_215.png,Medio,Medio,Medio,Medio,Medio
1095,pozo_5_img_216.png,Medio,Medio,Medio,Medio,Medio
1096,pozo_5_img_217.png,Medio,Medio,Medio,Medio,Medio
1097,pozo_5_img_218.png,Medio,Medio,Medio,Medio,Medio
1098,pozo_5_img_219.png,Medio,Medio,Medio,Medio,Medio
1099,pozo_5_img_220.png,Medio,Medio,Medio,Medio,Medio
1100,pozo_5_img_221.png,Medio,Medio,Medio,Medio,Medio
1101,pozo_5_img_222.png,Medio,Medio,Medio,Medio,Medio
1102,pozo_5_img_223.png,Medio,Medio,Medio,Medio,Medio
1103,pozo_5_img_224.png,Medio,Medio,Medio,Medio,Medio
1104,pozo_5_img_225.png,Medio,Medio,Medio,Medio,Medio
1105,pozo_5_img_231.png,Medio,Medio,Medio,Medio,Medio
1106,pozo_5_img_232.png,Medio,Medio,Medio,Medio,Medio
1107,pozo_5_img_233.png,Medio,Medio,Medio,Medio,Medio
1108,pozo_5_img_234.png,Medio,Medio,Medio,Medio,Medio
1109,pozo_5_img_235.png,Medio,Medio,Medio,Medio,Medio
1110,pozo_5_img_245.png,Medio,Medio,Medio,Medio,Medio
1111,pozo_5_img_248.png,Medio,Medio,Medio,Medio,Medio
1112,pozo_5_img_249.png,Medio,Medio,Medio,Medio,Medio
1113,pozo_5_img_250.png,Medio,Medio,Medio,Medio,Medio
1114,pozo_5_img_251.png,Medio,Medio,Medio,Medio,Medio
1115,pozo_5_img_252.png,Medio,Medio,Medio,Medio,Medio
1116,pozo_5_img_253.png,Medio,Medio,Medio,Medio,Medio
1117,pozo_5_img_254.png,Medio,Medio,Medio,Medio,Medio
1118,pozo_5_img_255.png,Medio,Medio,Medio,Medio,Medio
1119,pozo_5_img_256.png,Medio,Medio,Medio,Medio,Medio
1120,pozo_5_img_257.png,Medio,Medio,Medio,Medio,Medio
1121,pozo_5_img_258.png,Medio,Medio,Medio,Medio,Medio
1122,pozo_5_img_259.png,Medio,Medio,Medio,Medio,Medio
1123,pozo_5_img_260.png,Medio,Medio,Medio,Medio,Medio
1124,pozo_5_img_261.png,Medio,Medio,Medio,Medio,Medio
1125,pozo_5_img_276.png,Medio,Medio,Medio,Medio,Medio
1126,pozo_5_img_280.png,Medio,Medio,Medio,Medio,Medio
1127,pozo_5_img_281.png,Medio,Medio,Medio,Medio,Medio
1128,pozo_5_img_282.png,Medio,Medio,Medio,Medio,Medio
1129,pozo_5_img_283.png,Medio,Medio,Medio,Medio,Medio
1130,pozo_5_img_284.png,Medio,Medio,Medio,Medio,Medio
1131,pozo_5_img_285.png,Medio,Medio,Medio,Medio,Medio
1132,pozo_5_img_286.png,Medio,Medio,Medio,Medio,Medio
1156,pozo_5_img_48.png,Muy fino,Muy fino,Muy fino,Muy fino,Muy fino
1157,pozo_5_img_50.png,Muy fino,Muy fino,Muy fino,Muy fino,Muy fino
1158,pozo_5_img_51.png,Muy fino,Muy fino,Muy fino,Muy fino,Muy fino
1159,pozo_5_img_52.png,Muy fino,Muy fino,Muy fino,Muy fino,Muy fino
1160,pozo_5_img_53.png,Muy fino,Muy fino,Muy fino,Muy fino,Muy fino
1161,pozo_5_img_99.png,Muy fino,Muy fino,Muy fino,Muy fino,Muy fino
1162,pozo_5_img_100.png,Muy fino,Muy fino,Muy fino,Muy fino,Muy fino
1163,pozo_5_img_101.png,Muy fino,Muy fino,Muy fino,Muy fino,Muy fino
1164,pozo_5_img_102.png,Muy fino,Muy fino,Muy fino,Muy fino,Muy fino
1165,pozo_5_img_103.png,Muy fino,Muy fino,Muy fino,Muy fino,Muy fino
1166,pozo_5_img_104.png,Muy fino,Muy fino,Muy fino,Muy fino,Muy fino
1167,pozo_5_img_322.png,Muy fino,Muy fino,Muy fino,Muy fino,Muy fino
1168,pozo_5_img_323.png,Muy fino,Muy fino,Muy fino,Muy fino,Muy fino
1169,pozo_5_img_324.png,Muy fino,Muy fino,Muy fino,Muy fino,Muy fino
1170,pozo_5_img_331.png,Muy fino,Muy fino,Muy fino,Muy fino,Muy fino
1385,pozo_6_img_43.png,Limo,no,no,Muy fino,no
1454,pozo_6_img_299.png,Medio,no,no,no,no
1612,pozo_7_img_83.png,no,no,no,Grueso,no
1638,pozo_7_img_109.png,Fino,Fino,no,no,no
1664,pozo_7_img_135.png,no,no,no,Grueso,no
